<?xml version="1.0" encoding="UTF-8" ?>
<!DOCTYPE mapper PUBLIC "-//mybatis.org//DTD Mapper 3.0//EN"
"http://mybatis.org/dtd/mybatis-3-mapper.dtd">
<mapper namespace="com.ssm.dao.BuyDetailDao">
	<sql id="sqlPiece">
		id,user_id,user_name,game_name,buy_way,game_price,first_time,latest_time,download_num
	</sql>
	
	<select id="selectBuyNumBygameName" parameterType="string" resultType="java.lang.Integer">
			select 
				download_num
			from 
				t_buydetail
			where
				game_name = #{0} and user_name=#{1}
			
	</select>
	<select id="selectLatestTimeBygameName" parameterType="string" resultType="string">
			select 
				latest_time
			from 
				t_buydetail
			where
				game_name = #{0} and user_name=#{1}
			
	</select>
	
	<insert id="addbuyDetail" parameterType="java.util.Map">
		insert into 
			t_buydetail(<include refid="sqlPiece"></include>) 
		values
			(null,#{userId},#{userName},#{gameName},#{buyWay},#{gamePrice},#{firstTime},#{latestTime},#{downloadNum})
	</insert>
	<select id="updatedownloadNum" parameterType="java.util.Map">
			update 
				t_buydetail 
			set 
				download_num = #{downloadNum},
				latest_time = #{latestTime}
			where
				user_id = #{userId} and game_name = #{gameName}
	</select>
	<select id="overtimeupdate" parameterType="java.util.Map">
			update 
				t_buydetail 
			set 
				download_num = #{downloadNum}
			where
				user_id = #{userId} and game_name = #{gameName}
	</select>
	<select id="updatedownloadNums" parameterType="java.util.Map">
			update 
				t_buydetail 
			set 
				download_num = #{downloadNum}
			where
				user_id = #{userId} and game_name = #{gameName}
	</select>
	<select id="updateGameNameByGameName" parameterType="string">
			update 
				t_buydetail 
			set 
				game_name = #{0}
			where
				game_name = #{1}
	</select>
	<select id="updatedownloadNums1" parameterType="java.util.Map">
			update 
				t_buydetail 
			set 
				download_num = #{downloadNum}
			where
				user_id = #{userId} and game_name = #{gameName}
	</select>
	<select id="selectBuyDetailByPage" parameterType="java.util.Map"  resultMap="BuyDetailMapper">
		select 
			*
		from
			(select 
				rownum num,use.*
			from
				(select 
					*
				from 
					t_buydetail
				where user_name =#{userName}
				)use
			where
				rownum &lt;= #{minNum})
		where 
			num &gt; #{maxNum}
	</select>
	<select id="countBuyDetailByCond" parameterType="java.util.Map" resultType="java.lang.Integer">
			select 
			count(id)
			
			from 
				t_buydetail
			where user_name =#{userName}
			
	</select>
	<!-- 手动定义对应关系 -->
	<resultMap type="com.ssm.pojo.BuyDetail" id="BuyDetailMapper">
		<result column="id" property="id"/>
		<result column="user_id" property="userId"/>
		<result column="user_name" property="userName"/>
		<result column="game_name" property="gameName"/>
		<result column="buy_way" property="buyWay"/>
		<result column="game_price" property="gamePrice"/>
		<result column="first_time" property="firstTime"/>
		<result column="latest_time" property="latestTime"/>
		<result column="download_num" property="downloadNum"/>
	</resultMap>
</mapper>

