<?xml version="1.0" encoding="UTF-8"?>
<!DOCTYPE mapper PUBLIC "-//mybatis.org//DTD Mapper 3.0//EN"
"http://mybatis.org/dtd/mybatis-3-mapper.dtd">
<mapper namespace="com.ssm.dao.CardDao">
	<sql id="sqlPiece">
			id,card_number,card_pwd,card_amount,cardCity_id,cardstart_time,cardend_time,card_status,cardcreate_time
	</sql>
	<sql id="sqlPieceVO">
			id,card_number,card_pwd,card_amount,PROV_ID,PROV_NAME,cardstart_time,cardend_time,card_status,cardcreate_time
	</sql>
	
	<select id="selectAllCard" parameterType="java.util.Map" resultMap="CardMapperVO">
			select 
				<include refid="sqlPieceVO"></include>
			from
				T_PROVINCE ,(select 
					rownum num,t.* 
				from
					(select 
						<include refid="sqlPiece"></include>
					from 
						t_card
					<where>
						<if test="(cardNumber neq null) and (cardNumber neq '')">
							and card_number = #{cardNumber}
						</if>
						<if test="(cardStartTime neq null) and (cardStartTime neq '')">
							and cardstart_time = #{cardStartTime}
						</if>
						<if test="(cardEndTime neq null) and (cardEndTime neq '')">
							and cardend_time = #{cardEndTime}
						</if>
						<if test="(cardCity neq null) and (cardCity neq '')">
							and cardCity_id = #{cardCity}
						</if>
						
					</where>) t
				where
					rownum &lt;= #{pageNo} * #{pageSize} )
			where 
				num &gt; (#{pageNo} - 1) * #{pageSize} and cardCity_id = PROV_ID
					
	</select>
	<select id="TestselectAllCard" parameterType="java.util.Map" resultType="com.ssm.pojo.vo.CardVOType">
			select 
			id  as id   ,  card_number as cardNumber,
			card_pwd as cardPassword ,card_amount as cardAmount , 
			PROV_ID  as cardCityId, PROV_NAME as cardCity, cardstart_time as cardStartTime ,
			 cardend_time as cardEndTime ,card_status as cardStatus,cardcreate_time as cardCreateTime

			from
				T_PROVINCE ,(select 
					rownum num,t.* 
				from
					(select 
						<include refid="sqlPiece"></include>
					from 
						t_card
					<where>
						<if test="(cardNumber neq null) and (cardNumber neq '')">
							and card_number = #{cardNumber}
						</if>
						<if test="(cardStartTime neq null) and (cardStartTime neq '')">
							and cardstart_time = #{cardStartTime}
						</if>
						<if test="(cardEndTime neq null) and (cardEndTime neq '')">
							and cardend_time = #{cardEndTime}
						</if>
						<if test="(cardCity neq null) and (cardCity neq '')">
							and cardCity_id = #{cardCity}
						</if>
						
					</where>) t
				where
					rownum &lt;= #{pageNo} * #{pageSize} )
			where 
				num &gt; (#{pageNo} - 1) * #{pageSize} and cardCity_id = PROV_ID
					
	</select>
	<select id="countCard" parameterType="java.util.Map" resultType="java.lang.Integer">
		select 
		<!-- 如果入参值为1，查询最大值，为2，查询最小值，为3查数量 -->
				count(*) 
		from 
			t_card
			<where>
				<if test="(cardNumber neq null) and (cardNumber neq '')">
					and card_number = #{cardNumber}
				</if>
				<if test="(cardStartTime neq null) and (cardStartTime neq '')">
					and cardstart_time = #{cardStartTime}
				</if>
				<if test="(cardEndTime neq null) and (cardEndTime neq '')">
					and cardend_time = #{cardEndTime}
				</if>
				<if test="(cardCity neq null) and (cardCity neq '')">
					and cardCity_id = #{cardCity}
				</if>
			</where>
	</select>	
	
	<insert id="addCard" parameterType="com.ssm.pojo.Card">
		insert into 
			t_card(<include refid="sqlPiece"></include>) 
		values
			(null,#{cardNumber},#{cardPassword},#{cardAmount},#{cardCityId},#{cardStartTime},#{cardEndTime},#{cardStatus},sysdate)
	</insert>
	
	<select id="selectCard" parameterType="java.util.Map" resultMap="CardMapperVO">
			select 
				<include refid="sqlPieceVO"></include>
			from 
				T_PROVINCE,t_card
			where
				card_number = #{cardNumber}
			and
				card_pwd = #{cardPwd}
			and	
			    cardCity_id = PROV_ID
	</select>
	<select id="selectCardForUpdateTime"  resultMap="CardMapper">
			select 
				<include refid="sqlPiece"></include>
			from 
				t_card
			
	</select>
	
	<update id="updateCard" parameterType="java.util.Map">
		update 
			t_card
		<set>
			card_status = '已使用'
		</set>
		where
				card_number = #{cardNumber}
			and
				card_pwd = #{cardPwd}
	</update>	
	
		<update id="updateCardTime" parameterType="java.util.Map">
		update 
			t_card
		<set>
			card_status = #{cardStatus}
		</set>
		where
				card_number = #{cardNumber}
	</update>
	
<resultMap type="com.ssm.pojo.Card" id="CardMapper">
		<result column="id" property="id"/>
		<result column="card_number" property="cardNumber"/>
		<result column="card_pwd" property="cardPassword"/>
		<result column="card_amount" property="cardAmount"/>
		<result column="cardCity_id" property="cardCityId"/>
		<result column="cardstart_time" property="cardStartTime"/>
		<result column="cardend_time" property="cardEndTime"/>
		<result column="card_status" property="cardStatus"/>
		<result column="cardcreate_time" property="cardCreateTime"/>
	</resultMap>
<resultMap type="com.ssm.pojo.vo.CardProviceVO" id="CardMapperVO">
    <result column="PROV_NAME" property="cardCity"/>
    <result column="PROV_ID" property="Pid"/>
	<association property="card" javaType="com.ssm.pojo.Card">
		<result column="id" property="id"/>
		<result column="card_number" property="cardNumber"/>
		<result column="card_pwd" property="cardPassword"/>
		<result column="card_amount" property="cardAmount"/>
		<result column="cardstart_time" property="cardStartTime"/>
		<result column="cardend_time" property="cardEndTime"/>
		<result column="card_status" property="cardStatus"/>
		<result column="cardcreate_time" property="cardCreateTime"/>
		</association>
	</resultMap>
</mapper>
