<?xml version="1.0" encoding="UTF-8"?>
<!DOCTYPE mapper PUBLIC "-//mybatis.org//DTD Mapper 3.0//EN"
"http://mybatis.org/dtd/mybatis-3-mapper.dtd">
<mapper namespace="com.ssm.dao.ExchangeDao">
	<sql id="sqlPiece">
		exchange_id,exchange_city_id,exchange_charge,exchangecreate_time,exchangeupdate_time,exchange_status
	</sql>
	
	<sql id="sqlPieceVO">
		exchange_id,PROV_NAME,exchange_charge,exchangecreate_time,exchangeupdate_time,exchange_status
	</sql>
	
	<select id="selectAllExchange" parameterType="java.util.Map" resultMap="ExchangeVoMapper">
			select 
				<include refid="sqlPieceVO"></include>
			from
				T_PROVINCE,(select 
					rownum num,t.* 
				from
					(select 
						<include refid="sqlPiece"></include>
					from 
						t_exchange
					<where>
						<if test="(exchangeCity neq null) and (exchangeCity neq '')">
							and exchange_city_id = #{exchangeCity}
						</if>
						
					</where>) t
				where
					rownum &lt;= #{pageNo} * #{pageSize} )
			where 
				num &gt; (#{pageNo} - 1) * #{pageSize} and exchange_city_id = PROV_ID
					
	</select>
	
	<select id="countExchange" parameterType="java.util.Map" resultType="java.lang.Integer">
		select 
		<!-- 如果入参值为1，查询最大值，为2，查询最小值，为3查数量 -->
				count(*) 
		from 
			t_exchange
			<where>
				<if test="(exchangeCity neq null) and (exchangeCity neq '')">
					and exchange_city_id = #{exchangeCity}
				</if>
						
			</where>
	</select>	
	
	<delete id="deleExchange" parameterType="int">
		delete
		from  
			t_exchange  
		where 
			exchange_id = #{exchangeId}
	
	</delete>
	
	<select id="selectGameByExchangeName" parameterType="int" resultMap="ExchangeVoMapper">
			select 
				<include refid="sqlPieceVO"></include>
			from 
				t_exchange,T_PROVINCE
			where
				exchange_id = #{exchangeid}
				and exchange_city_id = PROV_ID
	</select>
	
	<update id="updateExchange" parameterType="java.util.Map">
		update 
			t_exchange
		<set>
			exchange_charge = #{exchangeCharge},
			exchange_status = #{exchangeStatus},
			exchangeupdate_time = sysdate
		</set>
		where
			exchange_id = #{exchangeId}
	</update>	
	
	<select id="selectExchangeByExchangeName" parameterType="string" resultMap="ExchangeMapper">
			select 
				<include refid="sqlPiece"></include>
			from 
				t_exchange
			where
				exchange_city_id = #{exchangeCity}
	</select>
	
	
	<insert id="addExchange" parameterType="com.ssm.pojo.Exchange">
		insert into 
			t_exchange(<include refid="sqlPiece"></include>) 
		values
			(null,#{exchangeCityId},#{exchangeCharge},sysdate,sysdate,#{exchangeStatus})
	</insert>
<resultMap type="com.ssm.pojo.Exchange" id="ExchangeMapper">
		<result column="exchange_city_id" property="exchangeCityId"/>
		<result column="exchange_charge" property="exchangeCharge"/>
		<result column="exchangecreate_time" property="exchangeCreateTime"/>
		<result column="exchangeupdate_time" property="exchangeUpdateTime"/>
		<result column="exchange_status" property="exchangeStatus"/>
	</resultMap>
	
	
	
	<resultMap type="com.ssm.pojo.vo.ExchangeProviceVO" id="ExchangeVoMapper">
		<result column="PROV_NAME" property="exchangeCity"/>
		
	<association property="exchange" javaType="com.ssm.pojo.Exchange">
		<result column="exchange_id" property="exchangeId"/>
		<result column="exchange_charge" property="exchangeCharge"/>
		<result column="exchangecreate_time" property="exchangeCreateTime"/>
		<result column="exchangeupdate_time" property="exchangeUpdateTime"/>
		<result column="exchange_status" property="exchangeStatus"/>
	</association>
	
	
	</resultMap>
</mapper>
