<?xml version="1.0" encoding="UTF-8"?>
<!DOCTYPE mapper PUBLIC "-//mybatis.org//DTD Mapper 3.0//EN"
"http://mybatis.org/dtd/mybatis-3-mapper.dtd">
<mapper namespace="com.ssm.dao.GameTypeDao">
	<sql id="sqlPiece">
			type_id,type_name,type_status,type_picture,typecreate_time,typeupdate_time
	</sql>
	<select id="selectAllGameType" parameterType="java.util.Map" resultMap="GameTypeMapper">
			select 
				<include refid="sqlPiece"></include>
			from
				(select 
					rownum num,t.* 
				from
					(select 
						<include refid="sqlPiece"></include>
					from 
						T_GAME_TYPE
					<where>
						<if test="(typeName neq null) and (typeName neq '')">
							and TYPE_NAME like '%${typeName}%'
						</if>
						<if test="(typeStatus neq null) and (typeStatus neq '')">
							and TYPE_STATUS = #{typeStatus}
						</if>
						
					</where>) t
				where
					rownum &lt;= #{pageNo} * #{pageSize} )
			where 
				num &gt; (#{pageNo} - 1) * #{pageSize}
					
	</select>
	<select id="countGameType" parameterType="java.util.Map" resultType="java.lang.Integer">
		select 
		<!-- 如果入参值为1，查询最大值，为2，查询最小值，为3查数量 -->
				count(*) 
		from 
			t_game_type
			<where>
				<if test="(typeName neq null) and (typeName neq '')">
					and type_name like '%${typeName}%'
				</if>
				
				<if test="(typeStatus neq null) and (typeStatus neq '')">
					and type_status = #{typeStatus}
				</if>
			</where>
	</select>
	
	<delete id="deleGameType" parameterType="string">
		delete
		 
		from  
		
			t_game_type  
		
		where 
		
			type_name = #{typeName}
	
	</delete>
	
	<update id="updateType" parameterType="java.util.Map">
		update 
			t_game_type
		<set>
			type_name = #{typeName},
			type_status = #{typeStatus},
			typeupdate_time = sysdate
		</set>
		where
			type_id = #{ID}
	</update>	
	<insert id="addGameType" parameterType="com.ssm.pojo.GameType">
		insert into 
			t_game_type(<include refid="sqlPiece"></include>) 
		values
			(null,#{typeName},#{typeStatus},#{typePicture},sysdate,sysdate)
	</insert>
	<select id="selectTypeByName" parameterType="string" resultMap="GameTypeMapper">
			select 
				<include refid="sqlPiece"></include>
			from 
				t_game_type
			where
				type_name = #{typeName}
	</select>
	<select id="selectTypeById" parameterType="int" resultMap="GameTypeMapper">
			select 
				<include refid="sqlPiece"></include>
			from 
				t_game_type
			where
				type_id = #{id}
	</select>
	
	<select id="selectType"  resultMap="GameTypeMapper">
			select 
				<include refid="sqlPiece"></include>
			from 
				t_game_type
	</select>
	<resultMap type="com.ssm.pojo.GameType" id="GameTypeMapper">
		<result column="type_id" property="id"/>
		<result column="type_name" property="typeName"/>
		<result column="type_status" property="typeStatus"/>
		<result column="type_picture" property="typePicture"/>
		<result column="typecreate_time" property="createTime"/>
		<result column="typeupdate_time" property="updateTime"/>
	</resultMap>
</mapper>

