<?xml version="1.0" encoding="UTF-8" ?>
<!DOCTYPE mapper PUBLIC "-//mybatis.org//DTD Mapper 3.0//EN"
"http://mybatis.org/dtd/mybatis-3-mapper.dtd">
<mapper namespace="com.ssm.dao.GameDao">
	<sql id="sqlPiece">
			id,game_name,gametype_id,gametype_name,game_img,game_developer,game_number,game_txt,screenshot_one,
			screenshot_two,screenshot_three,game_details,game_synopsis
			,game_status,game_price,rmb,create_time,update_time
	</sql>
	
		
	<select id="selectGameByTypeName" parameterType="string" resultMap="GameMapper">
		select 
			<include refid="sqlPiece"></include>
		from 
			t_game
			<where>
				<if test="(typeName neq null) and (typeName neq '')">
					and gametype_name = #{typeName}
				</if>
			</where>
	</select>
	
	
	<select id="selectGameById" parameterType="int" resultMap="GameMapper">
			select 
				<include refid="sqlPiece"></include>
			from 
				t_game
			where
				id = #{id}
	</select>
	<select id="selectSEQ"  resultType="java.lang.Integer">
			SELECT Gameid_seq.NEXTVAL FROM DUAL
	</select>
	<select id="getGameBygameName" parameterType="string" resultMap="GameMapper">
			select 
				<include refid="sqlPiece"></include>
			from 
				t_game
			where
				game_name = #{gameName}
	</select>
	<select id="getGameByImg" parameterType="string" resultMap="GameMapper">
			select 
				<include refid="sqlPiece"></include>
			from 
				t_game
			where
				game_img = #{gameImg}
	</select>
	<select id="getsomeGameImg" resultMap="GameMapper">
			select 
				<include refid="sqlPiece"></include>
			from 
				t_game
	</select>
	<select id="countGameByCond" parameterType="java.util.Map" resultType="java.lang.Integer">
			select 
				count(id)
			from 
				t_game
			<where>
					<if test="(gameName neq null) and (gameName neq '')">
						and game_name like '%${gameName}%'
					</if>
					<if test="(gametypeName neq null) and (gametypeName neq '')">
						and gametype_name =#{gametypeName}
					</if>
			</where>
			
	</select>

	<select id="selectGameByPage" parameterType="java.util.Map"  resultMap="GameMapper">
		select 
			<include refid="sqlPiece"></include>
		from
			(select 
				rownum num,use.*
			from
				(select 
					*
				from 
					t_game
				<where>
					<if test="(gameName neq null) and (gameName neq '')">
						and game_name like '%${gameName}%'
					</if>
					<if test="(gametypeName neq null) and (gametypeName neq '')">
						and gametype_name =#{gametypeName}
					</if>
				</where>)use
			where
				rownum &lt;= #{minNum})
		where 
			num &gt; #{maxNum}
	</select>
	
	<select id="deleteGameById" resultType="java.lang.Integer">
		delete from t_game where id=#{id}
	</select>
	<select id="CountGameById" parameterType="int" resultType="int">
			
			select 
			
			count(id)
			
			from 
				t_game
			where id = #{id}
			
	</select>
	<select id="CountGameByGameTypeName" parameterType="string" resultType="int">
			
			select 
			
			count(id)
			
			from 
				t_game
			where gametype_name = #{gametypeName}
			
	</select>
	<select id="CountGameByName" parameterType="String" resultType="int">
			
			select 
			
			count(id)
			
			from 
				t_game
			where game_name = #{gameName}
			
	</select>
	<select id="CountGameByGameTypeNameId" parameterType="int" resultType="int">
			
			select 
			
			count(id)
			
			from 
				t_game
			where gametype_id = #{gametypeId}
			
	</select>
	<select id="getGamesByGameTypeName" parameterType="java.util.Map"  resultMap="GameMapper">
			
			select 
					<include refid="sqlPiece"></include>		
			from 
				t_game
			<where>
				<if test="(gametypeName neq null) and (gametypeName neq '')">
					and gametype_name = #{gametypeName}
				</if>
			</where>
			
	</select>
	
	<insert id="insertGame" parameterType="com.ssm.pojo.Game">
		insert into 
			t_game
		values
			(null,#{gameName},#{gametypeId},#{gametypeName},#{gameImg},#{gameDeveloper},#{gameNumber},#{gameText},#{screenshotOne},#{screenshotTwo},#{screenshotThree},#{gameDetails},#{gameSynopsis},#{gameStatus},#{gamePrice},#{rmb},#{createTime},#{updateTime})
	</insert>
	
	<update id="updateGSAndGTNById" parameterType="java.util.Map">
		update 
			t_game
		set
			gametype_name = #{gameTypeName},
			game_status = #{gameTypeStatues}
		where
			gametype_id = #{gameTypeId}
	</update>
	<update id="updateGameTypeName" parameterType="java.util.Map">
		update
			t_game
		set
			gametype_name = #{gameTypeName}
		where
			gametype_id = #{gameTypeId}
	</update>
	<update id="updateGameById" parameterType="java.util.Map" >
		update 
			t_game
		<set>
			<if test="gamePrice neq null and gamePrice neq '' ">
				game_price = #{gamePrice},	
			</if>
			<if test="rmb neq null and rmb neq '' ">
				rmb = #{rmb},	
			</if>
			<if test="gameName neq null and gameName neq '' ">
				game_name = #{gameName},	
			</if>
			<if test="gameTypeId neq null and gameTypeId neq '' ">
				gametype_id = #{gameTypeId},	
			</if>
			<if test="gameTypeName neq null and gameTypeName neq '' ">
				gametype_name = #{gameTypeName},	
			</if>
			<if test="gameStatus neq null and gameStatus neq '' ">
				game_status = #{gameStatus},	
			</if>
			<if test="gameDeveloper neq null and gameDeveloper neq '' ">
				game_developer = #{gameDeveloper},	
			</if>
			<if test="gameNumber neq null and gameNumber neq '' ">
				game_number = #{gameNumber},	
			</if>
			<if test="gameSynopsis neq null and gameSynopsis neq '' ">
				game_synopsis = #{gameSynopsis},	
			</if>
			<if test="gameDetails neq null and gameDetails neq '' ">
				game_details = #{gameDetails},	
			</if>
			<if test="time neq null and time neq '' ">
				update_time = #{time},
			</if>
		</set>
		where
			id = #{id}
	</update>
	<!-- 手动定义对应关系 -->
	<resultMap type="com.ssm.pojo.Game" id="GameMapper">
		<result column="id" property="id"/>
		<result column="game_name" property="gameName"/>
		<result column="gametype_name" property="gametypeName"/>
		<result column="gametype_id" property="gametypeId"/>
		<result column="game_img" property="gameImg"/>
		<result column="game_developer" property="gameDeveloper"/>
		<result column="game_number" property="gameNumber"/>
		<result column="game_txt" property="gameText"/>
		<result column="screenshot_one" property="screenshotOne"/>
		<result column="screenshot_two" property="screenshotTwo"/>
		<result column="screenshot_three" property="screenshotThree"/>
		<result column="game_details" property="gameDetails"/>
		<result column="game_synopsis" property="gameSynopsis"/>
		<result column="game_status" property="gameStatus"/>
		<result column="game_price" property="gamePrice"/>
		<result column="rmb" property="rmb"/>
		<result column="create_time" property="createTime"/>
		<result column="update_time" property="updateTime"/>
	</resultMap>
</mapper>
