<?xml version="1.0" encoding="UTF-8"?>
<!DOCTYPE mapper PUBLIC "-//mybatis.org//DTD Mapper 3.0//EN"
"http://mybatis.org/dtd/mybatis-3-mapper.dtd">
<mapper namespace="com.ssm.dao.PrepaidDao">
	<sql id="sqlPiece">
			prep_username,prep_cardnum,prep_cardpwd,prep_amount,prep_endtime
	</sql>
	
	<select id="selectPrepaidByPrepUserName" parameterType="string" resultMap="PrepaidMapper">
			select 
				<include refid="sqlPiece"></include>
			from 
				t_prepaid
			where
				prep_username = #{prepUserName}
	</select>
	
	<insert id="addPrepaid" parameterType="com.web.pojo.Prepaid">
		insert into 
			t_prepaid(<include refid="sqlPiece"></include>) 
		values
			(#{prepUserName},#{prepCardNum},#{prepCardPwd},#{prepAmount},#{prepEndTime})
	</insert>
<resultMap type="com.web.pojo.Prepaid" id="PrepaidMapper">
		<result column="prep_username" property="prepUserName"/>
		<result column="prep_cardnum" property="prepCardNum"/>
		<result column="prep_cardpwd" property="prepCardPwd"/>
		<result column="prep_amount" property="prepAmount"/>
		<result column="prep_endtime" property="prepEndTime"/>
	</resultMap>
</mapper>
