<?xml version="1.0" encoding="UTF-8" ?>
<!DOCTYPE mapper PUBLIC "-//mybatis.org//DTD Mapper 3.0//EN"
"http://mybatis.org/dtd/mybatis-3-mapper.dtd">
<mapper namespace="com.ssm.dao.ProvinceDao">
	<sql id="sqlPiece">
			PROV_ID,PROV_NAME
	</sql>
	<select id="findProByName" parameterType="String" resultMap="ProvinceMapper">
			select 
				<include refid="sqlPiece"></include>
			from 
				t_province
			where
				PROV_NAME=#{pro} 
	</select>
	<select id="getAllProvince"  resultMap="ProvinceMapper">
			select 
				<include refid="sqlPiece"></include>
			from 
				t_province
			
	</select>
	
	<!-- 手动定义对应关系 -->
	<resultMap type="com.ssm.pojo.Province" id="ProvinceMapper">
		<result column="PROV_ID" property="id"/>
		<result column="PROV_NAME" property="pro"/>
	</resultMap>
</mapper>