<?xml version="1.0" encoding="UTF-8" ?>
<!DOCTYPE mapper PUBLIC "-//mybatis.org//DTD Mapper 3.0//EN"
"http://mybatis.org/dtd/mybatis-3-mapper.dtd">
<mapper namespace="com.ssm.dao.RechargeDao">
	<sql id="sqlPiece">
		user_id,user_name,card_id,card_number,card_pwd,price,end_time
	</sql>
	
	<insert id="insertRecharge" parameterType="java.util.Map">
		insert into 
			t_recharge(<include refid="sqlPiece"></include>) 
		values
			(#{userId},#{userName},#{cardId},#{cardNumber},#{cardPwd},#{price},#{effectiveEndTime})
	</insert>
	
	<select id="selectRechargeByPage" parameterType="java.util.Map"  resultMap="RechargeMapper">
		select 
			*
		from
			(select 
				rownum num,use.*
			from
				(select 
					*
				from 
					t_recharge
				<where>
					<if test="(userName neq null) and (userName neq '')">
						and user_name =#{userName}
					</if>
				</where>
				
				)use
			where
				rownum &lt;= #{minNum})
		where 
			num &gt; #{maxNum}
			order by end_time desc
	</select>
	
	<select id="countRechargeDaoByCond" parameterType="java.util.Map" resultType="java.lang.Integer">
			
			select 
			
			count(card_id)
			
			from 
				t_recharge
				<where>
					<if test="(userName neq null) and (userName neq '')">
						and user_name =#{userName}
					</if>
				</where>
			
	</select>
	<!-- 手动定义对应关系 -->
	<resultMap type="com.ssm.pojo.Recharge" id="RechargeMapper">
		<result column="user_id" property="userId"/>
		<result column="user_name" property="userName"/>
		<result column="card_id" property="cardId"/>
		<result column="card_number" property="cardNumber"/>
		<result column="card_pwd" property="cardPwd"/>
		<result column="price" property="price"/>
		<result column="end_time" property="effectiveEndTime"/>
	</resultMap>
</mapper>

