<?xml version="1.0" encoding="UTF-8" ?>
<!DOCTYPE mapper PUBLIC "-//mybatis.org//DTD Mapper 3.0//EN"
"http://mybatis.org/dtd/mybatis-3-mapper.dtd">
<mapper namespace="com.ssm.dao.UserDao">
	<sql id="sqlPiece">
	USER_ID,USER_NAME,USER_PWD,USER_PHONE,USER_CITY,USER_TARIFFE,USER_CURRENCY,
	USER_CARDAMOUNT,USER_STATUS,USERCREATE_TIME,USER_SEX,USER_BIRTHDAY
	</sql>
	<sql id="sqlPiece2">
	USER_NAME,USER_PWD,USER_PHONE,USER_CITY,USER_TARIFFE,USER_CURRENCY,
	USER_CARDAMOUNT,USER_STATUS,USERCREATE_TIME,USER_SEX,USER_BIRTHDAY
	</sql>
	
	
	
	<select id="selectUserByCondAndPage" parameterType="java.util.Map" resultMap="UserMapper">
				select 
				<include refid="sqlPiece"></include>
			from
				(select 
					rownum num,t.* 
				from
					(select 
						<include refid="sqlPiece"></include>
					from 
						t_user
					<where>
						<if test="( userName neq null) and ( userName neq '')">
							and user_name like '%${userName}%'
						</if>
						<if test="( userPhone neq null) and ( userPhone neq '')">
							and user_phone like '%${userPhone}%' 
						</if>
						
					</where>) t
				where
					rownum &lt;= #{pageNo} * #{pageSize} )
			where 
				num &gt; (#{pageNo} - 1) * #{pageSize}
	</select>
	<select id="selectUserByNP" parameterType="string" resultMap="UserMapper">
			select 
				<include refid="sqlPiece"></include>
			from 
				T_User
			where 
				USER_NAME  = #{param1}
				and
				USER_PWD  = #{param2}
	</select>
	
	<select id="selectUserByName" parameterType="string" resultMap="UserMapper">
			select 
				<include refid="sqlPiece"></include>
			from 
				T_User
			where 
				USER_NAME  = #{param1}
				
	</select>
	<select id="selectUserById" parameterType="java.util.Map" resultMap="UserMapper">
			select 
				<include refid="sqlPiece"></include>
			from 
				T_User
			where 
				USER_ID  =  #{chooseUser} 
				
	</select>
	<select id="selectUserPhone" parameterType="string" resultMap="UserMapper">
			select 
				<include refid="sqlPiece"></include>
			from 
				T_User
			where 
				user_phone  =  #{param1} 
				
	</select>
   
   <select id="countUser" parameterType="java.util.Map" resultType="java.lang.Integer">
		select 
				count(*) 
		from 
			t_user
			<where>
				<if test="(username neq null) and (username neq '')">
					and user_name like '%${userName}%'
				</if>
				<if test="( userPhone neq null) and ( userPhone neq '')">
					and user_phone = #{userPhone}
				</if>
						
			</where>
	</select>	
   <insert id="addUser" parameterType="com.ssm.pojo.User">
   	insert into 
			t_user(<include refid="sqlPiece2"></include>) 
		values
			(#{userName},#{userPwd},#{userPhone},#{userCity},#{userTariffe},#{userCurrency},#{userCardamount},#{userStatus},sysdate,#{userSex},#{userBirthday})
   </insert>
   
   <update id="updatePwd" parameterType="string">
		update 
			t_user
		set
			USER_PWD = #{0}
		where
			user_name = #{1}
	</update>
   <update id="updataStatus" parameterType="java.util.Map">
   		update 
			t_user
		<set>
			USER_STATUS = #{status}
		</set>
		where
			USER_ID  =  #{chooseUser} 
   	
   </update>
   <update id="updateRMBByuserId" parameterType="java.util.Map">
   		update 
			t_user
		<set>
			USER_TARIFFE = #{UserTariffe},
			USER_CURRENCY = #{UserCardamount}
		</set>
		where
			USER_ID  =  #{id} 
   	
   </update>
   <update id="updateSercurityByuserId" parameterType="java.util.Map">
   		update 
			t_user
		<set>
			USER_CURRENCY = #{UserCurrency },
			USER_CARDAMOUNT = #{UserCardamount}
		</set>
		where
			USER_ID  =  #{id} 
   	
   </update>
   <update id="updateSercuritysByuserId" parameterType="java.util.Map">
   		update 
			t_user
		<set>
			USER_CURRENCY = #{UserCurrency},
		</set>
		where
			USER_ID =  #{id} 
   	
   </update>
   <update id="RechargeByuserId" parameterType="java.util.Map">
   		update 
			t_user
		<set>
			USER_CARDAMOUNT = #{UserCardamount},
		</set>
		where
			USER_ID =  #{id} 
   	
   </update>
   
		 
	<!-- 手动定义对应关系 -->
	<resultMap type="com.ssm.pojo.User" id="UserMapper">
		<result column="USER_ID" property="userId"/>
		<result column="USER_NAME" property="userName"/>
		<result column="USER_PWD" property="userPwd"/>
		<result column="USER_PHONE" property="userPhone"/>
		<result column="USER_CITY" property="userCity"/>
		<result column="USER_TARIFFE" property="userTariffe"/>
		<result column="USER_CURRENCY" property="userCurrency"/>
		<result column="USER_CARDAMOUNT" property="userCardamount"/>
		<result column="USER_STATUS" property="userStatus"/>
		<result column="USERCREATE_TIME" property="userCreateTime"/>
		<result column="USER_SEX" property="userSex"/>
		<result column="USER_BIRTHDAY" property="userBirthday"/>
	</resultMap>
</mapper>
