<?xml version="1.0" encoding="UTF-8" ?>
<!DOCTYPE mapper PUBLIC "-//mybatis.org//DTD Mapper 3.0//EN"
"http://mybatis.org/dtd/mybatis-3-mapper.dtd">
<mapper namespace="com.ssm.dao.UserManagerDao">
	<sql id="sqlPiece">
		ID,ROOT_NAME,ROOT_PSW,ROOT_PHONE,CREATE_TIME
	</sql>
	<select id="selectUserManagerByNP" parameterType="String" resultMap="userManagerMapper">
			select 
				<include refid="sqlPiece"></include>
			from 
				T_USERMANAGER
			where 
				ROOT_NAME  = #{param1}
				and
				ROOT_PSW  = #{param2}
	</select>
	
	<select id="selectUserManagerByName" parameterType="String" resultMap="userManagerMapper">
			select 
				<include refid="sqlPiece"></include>
			from 
				T_USERMANAGER
			where 
				ROOT_NAME  = #{param1}
				
	</select>
	
	<!-- 手动定义对应关系 -->
	<resultMap type="com.ssm.pojo.UserManager" id="userManagerMapper">
		<result column="ID" property="id"/>
		<result column="ROOT_NAME" property="rootName"/>
		<result column="ROOT_PSW" property="rootPassword"/>
		<result column="ROOT_PHONE" property="rootPhone"/>
		<result column="CREATE_TIME" property="createTime"/>
	</resultMap>
</mapper>